Workbook

Sheet Лист1
E1: Контрольная работа по MS Excel
B3: Код | C3: Должность | D3: Оклад | F3: Вычет на себя | H3: 400
B4: 1 | C4: Председатель | D4: 5000 | F4: Вычет на иждивенца | H4: 300
B5: 2 | C5: Бухгалтер | D5: 4000 | F5: Ставка налога | H5: 0.13
B6: 3 | C6: Паспортистка | D6: 2000
B7: 4 | C7: Сантехник | D7: 2500
B8: 5 | C8: Электрик | D8: 1800
B9: 6 | C9: Дворник | D9: 2100
C11: Сотрудники
A13: Фамилия | B13: Имя | C13: Отчество | D13: Код должности | E13: Кол. Иждивенцев | G13: ФИО | H13: Оклад | I13: Налоговая база | J13: Налог | K13: К выдаче
A14: Куницын | B14: Евгений | C14: Иванович | D14: 1 | E14: 1 | G14: =A14&" "&LEFT(B14,1)&"."&LEFT(C14,1)&"." -> Куницын Е.И. | H14: =VLOOKUP(D14,$B$4:$D$9,3,FALSE) -> 5,000.00₽ | I14: =H14-$H$3-(E14*$H$4) -> 4,300.00₽ | J14: =I14*$H$5 -> 559.00₽ | K14: =H14-J14 -> 4,441.00₽
A15: Файзуллина | B15: Зайнаб | C15: Рашидовна | D15: 2 | E15: 0 | G15: =A15&" "&LEFT(B15,1)&"."&LEFT(C15,1)&"." -> Файзуллина З.Р. | H15: =VLOOKUP(D15,$B$4:$D$9,3,FALSE) -> 4,000.00₽ | I15: =H15-$H$3-(E15*$H$4) -> 3,600.00₽ | J15: =I15*$H$5 -> 468.00₽ | K15: =H15-J15 -> 3,532.00₽
A16: Файзуллина | B16: Гульнара | C16: Ильгизовна | D16: 3 | E16: 1 | G16: =A16&" "&LEFT(B16,1)&"."&LEFT(C16,1)&"." -> Файзуллина Г.И. | H16: =VLOOKUP(D16,$B$4:$D$9,3,FALSE) -> 2,000.00₽ | I16: =H16-$H$3-(E16*$H$4) -> 1,300.00₽ | J16: =I16*$H$5 -> 169.00₽ | K16: =H16-J16 -> 1,831.00₽
A17: Запоинов | B17: Юрий | C17: Федорович | D17: 6 | E17: 0 | G17: =A17&" "&LEFT(B17,1)&"."&LEFT(C17,1)&"." -> Запоинов Ю.Ф. | H17: =VLOOKUP(D17,$B$4:$D$9,3,FALSE) -> 2,100.00₽ | I17: =H17-$H$3-(E17*$H$4) -> 1,700.00₽ | J17: =I17*$H$5 -> 221.00₽ | K17: =H17-J17 -> 1,879.00₽
A18: Александров | B18: Николай | C18: Федорович | D18: 4 | E18: 2 | G18: =A18&" "&LEFT(B18,1)&"."&LEFT(C18,1)&"." -> Александров Н.Ф. | H18: =VLOOKUP(D18,$B$4:$D$9,3,FALSE) -> 2,500.00₽ | I18: =H18-$H$3-(E18*$H$4) -> 1,500.00₽ | J18: =I18*$H$5 -> 195.00₽ | K18: =H18-J18 -> 2,305.00₽
A19: Чапчин | B19: Александр | C19: Васильевич | D19: 2 | E19: 0 | G19: =A19&" "&LEFT(B19,1)&"."&LEFT(C19,1)&"." -> Чапчин А.В. | H19: =VLOOKUP(D19,$B$4:$D$9,3,FALSE) -> 4,000.00₽ | I19: =H19-$H$3-(E19*$H$4) -> 3,600.00₽ | J19: =I19*$H$5 -> 468.00₽ | K19: =H19-J19 -> 3,532.00₽
A20: Хабеев | B20: Рустем | C20: Сабирович | D20: 5 | E20: 3 | G20: =A20&" "&LEFT(B20,1)&"."&LEFT(C20,1)&"." -> Хабеев Р.С. | H20: =VLOOKUP(D20,$B$4:$D$9,3,FALSE) -> 1,800.00₽ | I20: =H20-$H$3-(E20*$H$4) -> 500.00₽ | J20: =I20*$H$5 -> 65.00₽ | K20: =H20-J20 -> 1,735.00₽
A21: Файзуллина | B21: Гульнара | C21: Ильгизовна | D21: 2 | E21: 1 | G21: =A21&" "&LEFT(B21,1)&"."&LEFT(C21,1)&"." -> Файзуллина Г.И. | H21: =VLOOKUP(D21,$B$4:$D$9,3,FALSE) -> 4,000.00₽ | I21: =H21-$H$3-(E21*$H$4) -> 3,300.00₽ | J21: =I21*$H$5 -> 429.00₽ | K21: =H21-J21 -> 3,571.00₽
A22: Столяров | B22: Юрий | C22: Владимирович | D22: 6 | E22: 0 | G22: =A22&" "&LEFT(B22,1)&"."&LEFT(C22,1)&"." -> Столяров Ю.В. | H22: =VLOOKUP(D22,$B$4:$D$9,3,FALSE) -> 2,100.00₽ | I22: =H22-$H$3-(E22*$H$4) -> 1,700.00₽ | J22: =I22*$H$5 -> 221.00₽ | K22: =H22-J22 -> 1,879.00₽
G23: Итого | H23: =SUM(H14:H22) -> 27,500.00₽ | I23: =SUM(I14:I22) -> 21,500.00₽ | J23: =SUM(J14:J22) -> 2,795.00₽ | K23: =SUM(K14:K22) -> 24,705.00₽
A27: Примечания:
A28: ФИО | B28: =A14&" "&LEFT(B14,1)&"."&LEFT(C14,1)&"." -> Куницын Е.И.
A29: Оклад | B29: =VLOOKUP(D14,$B$4:$D$9,3,FALSE) -> 5,000.00₽
A30: Налог. база | B30: =H14-$H$3-(E14*$H$4) -> 4,300.00₽

Sheet Диаграмма
A1: ФИО | B1: Оклад | C1: Налоговая база | D1: Налог | E1: К выдаче
A2: ='Лист1'!G14 -> Куницын Е.И. | B2: ='Лист1'!H14 -> 5,000.00₽ | C2: ='Лист1'!I14 -> 4,300.00₽ | D2: ='Лист1'!J14 -> 559.00₽ | E2: ='Лист1'!K14 -> 4,441.00₽
A3: ='Лист1'!G15 -> Файзуллина З.Р. | B3: ='Лист1'!H15 -> 4,000.00₽ | C3: ='Лист1'!I15 -> 3,600.00₽ | D3: ='Лист1'!J15 -> 468.00₽ | E3: ='Лист1'!K15 -> 3,532.00₽
A4: ='Лист1'!G16 -> Файзуллина Г.И. | B4: ='Лист1'!H16 -> 2,000.00₽ | C4: ='Лист1'!I16 -> 1,300.00₽ | D4: ='Лист1'!J16 -> 169.00₽ | E4: ='Лист1'!K16 -> 1,831.00₽
A5: ='Лист1'!G17 -> Запоинов Ю.Ф. | B5: ='Лист1'!H17 -> 2,100.00₽ | C5: ='Лист1'!I17 -> 1,700.00₽ | D5: ='Лист1'!J17 -> 221.00₽ | E5: ='Лист1'!K17 -> 1,879.00₽
A6: ='Лист1'!G18 -> Александров Н.Ф. | B6: ='Лист1'!H18 -> 2,500.00₽ | C6: ='Лист1'!I18 -> 1,500.00₽ | D6: ='Лист1'!J18 -> 195.00₽ | E6: ='Лист1'!K18 -> 2,305.00₽
A7: ='Лист1'!G19 -> Чапчин А.В. | B7: ='Лист1'!H19 -> 4,000.00₽ | C7: ='Лист1'!I19 -> 3,600.00₽ | D7: ='Лист1'!J19 -> 468.00₽ | E7: ='Лист1'!K19 -> 3,532.00₽
A8: ='Лист1'!G20 -> Хабеев Р.С. | B8: ='Лист1'!H20 -> 1,800.00₽ | C8: ='Лист1'!I20 -> 500.00₽ | D8: ='Лист1'!J20 -> 65.00₽ | E8: ='Лист1'!K20 -> 1,735.00₽
A9: ='Лист1'!G21 -> Файзуллина Г.И. | B9: ='Лист1'!H21 -> 4,000.00₽ | C9: ='Лист1'!I21 -> 3,300.00₽ | D9: ='Лист1'!J21 -> 429.00₽ | E9: ='Лист1'!K21 -> 3,571.00₽
A10: ='Лист1'!G22 -> Столяров Ю.В. | B10: ='Лист1'!H22 -> 2,100.00₽ | C10: ='Лист1'!I22 -> 1,700.00₽ | D10: ='Лист1'!J22 -> 221.00₽ | E10: ='Лист1'!K22 -> 1,879.00₽
